logged_attempt,eye,provisional_planned_round,provisional_height_cm,mapping_confirmed,native_result_available,native_accuracy_deg,native_sd_deg,native_valid_samples,native_too_few,source_mode,upper_left_collection_failure_count
1,left,1,10,False,False,,,,,not_retained_in_supplied_export_or_backups,0
1,right,1,10,False,False,,,,,not_retained_in_supplied_export_or_backups,0
2,left,2,10,False,False,,,,,not_retained_in_supplied_export_or_backups,0
2,right,2,10,False,False,,,,,not_retained_in_supplied_export_or_backups,0
3,left,3,10,False,False,,,,,not_retained_in_supplied_export_or_backups,0
3,right,3,10,False,False,,,,,not_retained_in_supplied_export_or_backups,0
4,left,4,0,False,False,,,,,not_retained_in_supplied_export_or_backups,0
4,right,4,0,False,False,,,,,not_retained_in_supplied_export_or_backups,0
5,left,5,0,False,False,,,,,not_retained_in_supplied_export_or_backups,0
5,right,5,0,False,False,,,,,not_retained_in_supplied_export_or_backups,0
6,left,6,0,False,False,,,,,not_retained_in_supplied_export_or_backups,0
6,right,6,0,False,False,,,,,not_retained_in_supplied_export_or_backups,0
7,left,7,5.3,False,False,,,,,not_retained_in_supplied_export_or_backups,0
7,right,7,5.3,False,False,,,,,not_retained_in_supplied_export_or_backups,0
8,left,,,False,False,,,,,not_retained_in_supplied_export_or_backups,1
8,right,,,False,False,,,,,not_retained_in_supplied_export_or_backups,1
9,left,,,False,False,,,,,not_retained_in_supplied_export_or_backups,0
9,right,,,False,False,,,,,not_retained_in_supplied_export_or_backups,0
10,left,8,5.3,False,False,,,,,not_retained_in_supplied_export_or_backups,1
10,right,8,5.3,False,False,,,,,not_retained_in_supplied_export_or_backups,1
11,left,9,5.3,False,False,,,,,not_retained_in_supplied_export_or_backups,0
11,right,9,5.3,False,False,,,,,not_retained_in_supplied_export_or_backups,0
12,left,10,10,False,False,,,,,not_retained_in_supplied_export_or_backups,0
12,right,10,10,False,False,,,,,not_retained_in_supplied_export_or_backups,0
13,left,11,10,False,False,,,,,not_retained_in_supplied_export_or_backups,1
13,right,11,10,False,False,,,,,not_retained_in_supplied_export_or_backups,1
14,left,12,10,False,False,,,,,not_retained_in_supplied_export_or_backups,0
14,right,12,10,False,False,,,,,not_retained_in_supplied_export_or_backups,0
15,left,13,0,False,False,,,,,not_retained_in_supplied_export_or_backups,0
15,right,13,0,False,False,,,,,not_retained_in_supplied_export_or_backups,0
16,left,14,0,False,True,0.561,0.354,20,False,native_saved_calibration_XML,0
16,right,14,0,False,True,0.74,0.325,20,False,native_saved_calibration_XML,0
17,left,15,0,False,True,0.333,0.225,21,False,native_saved_calibration_XML,0
17,right,15,0,False,True,0.878,0.21,21,False,native_saved_calibration_XML,0
18,left,16,5.3,False,True,0.657,0.166,20,False,native_saved_calibration_XML,0
18,right,16,5.3,False,True,0.902,0.13,20,False,native_saved_calibration_XML,0
19,left,17,5.3,False,True,0.781,0.178,24,False,native_saved_calibration_XML,0
19,right,17,5.3,False,True,0.964,0.165,24,False,native_saved_calibration_XML,0
20,left,18,5.3,False,True,0.932,0.137,20,False,native_saved_calibration_XML,0
20,right,18,5.3,False,True,1.057,0.137,20,False,native_saved_calibration_XML,0
